{"cameraMode":{"drawMode":0,"name":"Shaded","section":"Shading Mode"},"sceneLighting":true,"audioPlay":false,"sceneViewState":{"m_AlwaysRefresh":false,"showFog":true,"showSkybox":true,"showFlares":true,"showImageEffects":true,"showParticleSystems":true,"showVisualEffectGraphs":true,"m_FxEnabled":true},"in2DMode":false,"pivot":{"x":0.9516892433166504,"y":0.4847564697265625,"z":-0.2370762825012207},"rotation":{"x":0.0026249501388520004,"y":0.9949946403503418,"z":-0.09612496942281723,"w":0.027170918881893159},"size":3.4141311645507814,"orthographic":false}